INSERT INTO `sqltask`.`devInTeam` (`team_id`, `developer_id`) VALUES ('	1	', '	1	');
INSERT INTO `sqltask`.`devInTeam` (`team_id`, `developer_id`) VALUES ('	1	', '	2	');
INSERT INTO `sqltask`.`devInTeam` (`team_id`, `developer_id`) VALUES ('	1	', '	3	');
INSERT INTO `sqltask`.`devInTeam` (`team_id`, `developer_id`) VALUES ('	1	', '	4	');
INSERT INTO `sqltask`.`devInTeam` (`team_id`, `developer_id`) VALUES ('	2	', '	5	');
INSERT INTO `sqltask`.`devInTeam` (`team_id`, `developer_id`) VALUES ('	2	', '	6	');
INSERT INTO `sqltask`.`devInTeam` (`team_id`, `developer_id`) VALUES ('	2	', '	7	');
INSERT INTO `sqltask`.`devInTeam` (`team_id`, `developer_id`) VALUES ('	3	', '	8	');
INSERT INTO `sqltask`.`devInTeam` (`team_id`, `developer_id`) VALUES ('	3	', '	9	');
INSERT INTO `sqltask`.`devInTeam` (`team_id`, `developer_id`) VALUES ('	3	', '	10	');
INSERT INTO `sqltask`.`devInTeam` (`team_id`, `developer_id`) VALUES ('	3	', '	11	');
INSERT INTO `sqltask`.`devInTeam` (`team_id`, `developer_id`) VALUES ('	4	', '	12	');
INSERT INTO `sqltask`.`devInTeam` (`team_id`, `developer_id`) VALUES ('	4	', '	13	');
INSERT INTO `sqltask`.`devInTeam` (`team_id`, `developer_id`) VALUES ('	5	', '	14	');
INSERT INTO `sqltask`.`devInTeam` (`team_id`, `developer_id`) VALUES ('	5	', '	15	');
INSERT INTO `sqltask`.`devInTeam` (`team_id`, `developer_id`) VALUES ('	6	', '	16	');
INSERT INTO `sqltask`.`devInTeam` (`team_id`, `developer_id`) VALUES ('	6	', '	17	');
INSERT INTO `sqltask`.`devInTeam` (`team_id`, `developer_id`) VALUES ('	7	', '	18	');
INSERT INTO `sqltask`.`devInTeam` (`team_id`, `developer_id`) VALUES ('	7	', '	19	');
INSERT INTO `sqltask`.`devInTeam` (`team_id`, `developer_id`) VALUES ('	8	', '	20	');
INSERT INTO `sqltask`.`devInTeam` (`team_id`, `developer_id`) VALUES ('	8	', '	21	');
INSERT INTO `sqltask`.`devInTeam` (`team_id`, `developer_id`) VALUES ('	9	', '	22	');
INSERT INTO `sqltask`.`devInTeam` (`team_id`, `developer_id`) VALUES ('	9	', '	23	');
INSERT INTO `sqltask`.`devInTeam` (`team_id`, `developer_id`) VALUES ('	10	', '	24	');
INSERT INTO `sqltask`.`devInTeam` (`team_id`, `developer_id`) VALUES ('	10	', '	25	');
INSERT INTO `sqltask`.`devInTeam` (`team_id`, `developer_id`) VALUES ('	11	', '	26	');
INSERT INTO `sqltask`.`devInTeam` (`team_id`, `developer_id`) VALUES ('	11	', '	27	');
INSERT INTO `sqltask`.`devInTeam` (`team_id`, `developer_id`) VALUES ('	12	', '	28	');
INSERT INTO `sqltask`.`devInTeam` (`team_id`, `developer_id`) VALUES ('	12	', '	29	');
INSERT INTO `sqltask`.`devInTeam` (`team_id`, `developer_id`) VALUES ('	13	', '	30	');
INSERT INTO `sqltask`.`devInTeam` (`team_id`, `developer_id`) VALUES ('	13	', '	31	');
INSERT INTO `sqltask`.`devInTeam` (`team_id`, `developer_id`) VALUES ('	14	', '	32	');
INSERT INTO `sqltask`.`devInTeam` (`team_id`, `developer_id`) VALUES ('	14	', '	33	');
INSERT INTO `sqltask`.`devInTeam` (`team_id`, `developer_id`) VALUES ('	15	', '	34	');
INSERT INTO `sqltask`.`devInTeam` (`team_id`, `developer_id`) VALUES ('	15	', '	35	');
INSERT INTO `sqltask`.`devInTeam` (`team_id`, `developer_id`) VALUES ('	16	', '	36	');
INSERT INTO `sqltask`.`devInTeam` (`team_id`, `developer_id`) VALUES ('	16	', '	37	');
INSERT INTO `sqltask`.`devInTeam` (`team_id`, `developer_id`) VALUES ('	17	', '	38	');
INSERT INTO `sqltask`.`devInTeam` (`team_id`, `developer_id`) VALUES ('	17	', '	39	');
INSERT INTO `sqltask`.`devInTeam` (`team_id`, `developer_id`) VALUES ('	18	', '	40	');
INSERT INTO `sqltask`.`devInTeam` (`team_id`, `developer_id`) VALUES ('	18	', '	41	');
INSERT INTO `sqltask`.`devInTeam` (`team_id`, `developer_id`) VALUES ('	19	', '	42	');
INSERT INTO `sqltask`.`devInTeam` (`team_id`, `developer_id`) VALUES ('	19	', '	43	');
INSERT INTO `sqltask`.`devInTeam` (`team_id`, `developer_id`) VALUES ('	20	', '	44	');
INSERT INTO `sqltask`.`devInTeam` (`team_id`, `developer_id`) VALUES ('	20	', '	45	');
INSERT INTO `sqltask`.`devInTeam` (`team_id`, `developer_id`) VALUES ('	21	', '	46	');
INSERT INTO `sqltask`.`devInTeam` (`team_id`, `developer_id`) VALUES ('	21	', '	47	');
INSERT INTO `sqltask`.`devInTeam` (`team_id`, `developer_id`) VALUES ('	22	', '	48	');
INSERT INTO `sqltask`.`devInTeam` (`team_id`, `developer_id`) VALUES ('	22	', '	49	');
INSERT INTO `sqltask`.`devInTeam` (`team_id`, `developer_id`) VALUES ('	23	', '	50	');
INSERT INTO `sqltask`.`devInTeam` (`team_id`, `developer_id`) VALUES ('	24	', '	51	');
INSERT INTO `sqltask`.`devInTeam` (`team_id`, `developer_id`) VALUES ('	24	', '	52	');


INSERT INTO `sqltask`.`projectsFromTheCompany` (`company_id`, `project_id`) VALUES ('1', '1');
INSERT INTO `sqltask`.`projectsFromTheCompany` (`company_id`, `project_id`) VALUES ('1', '2');
INSERT INTO `sqltask`.`projectsFromTheCompany` (`company_id`, `project_id`) VALUES ('1', '3');
INSERT INTO `sqltask`.`projectsFromTheCompany` (`company_id`, `project_id`) VALUES ('2', '4');
INSERT INTO `sqltask`.`projectsFromTheCompany` (`company_id`, `project_id`) VALUES ('2', '5');
INSERT INTO `sqltask`.`projectsFromTheCompany` (`company_id`, `project_id`) VALUES ('2', '6');
INSERT INTO `sqltask`.`projectsFromTheCompany` (`company_id`, `project_id`) VALUES ('3', '7');
INSERT INTO `sqltask`.`projectsFromTheCompany` (`company_id`, `project_id`) VALUES ('3', '8');
INSERT INTO `sqltask`.`projectsFromTheCompany` (`company_id`, `project_id`) VALUES ('3', '9');
INSERT INTO `sqltask`.`projectsFromTheCompany` (`company_id`, `project_id`) VALUES ('4', '10');
INSERT INTO `sqltask`.`projectsFromTheCompany` (`company_id`, `project_id`) VALUES ('4', '11');
INSERT INTO `sqltask`.`projectsFromTheCompany` (`company_id`, `project_id`) VALUES ('4', '12');


INSERT INTO `sqltask`.`projectsFromTheCustmer` (`customer_id`, `project_id`) VALUES ('12', '1');
INSERT INTO `sqltask`.`projectsFromTheCustmer` (`customer_id`, `project_id`) VALUES ('11', '2');
INSERT INTO `sqltask`.`projectsFromTheCustmer` (`customer_id`, `project_id`) VALUES ('10', '3');
INSERT INTO `sqltask`.`projectsFromTheCustmer` (`customer_id`, `project_id`) VALUES ('9', '4');
INSERT INTO `sqltask`.`projectsFromTheCustmer` (`customer_id`, `project_id`) VALUES ('8', '5');
INSERT INTO `sqltask`.`projectsFromTheCustmer` (`customer_id`, `project_id`) VALUES ('7', '6');
INSERT INTO `sqltask`.`projectsFromTheCustmer` (`customer_id`, `project_id`) VALUES ('6', '7');
INSERT INTO `sqltask`.`projectsFromTheCustmer` (`customer_id`, `project_id`) VALUES ('5', '8');
INSERT INTO `sqltask`.`projectsFromTheCustmer` (`customer_id`, `project_id`) VALUES ('4', '9');
INSERT INTO `sqltask`.`projectsFromTheCustmer` (`customer_id`, `project_id`) VALUES ('3', '10');
INSERT INTO `sqltask`.`projectsFromTheCustmer` (`customer_id`, `project_id`) VALUES ('2', '11');
INSERT INTO `sqltask`.`projectsFromTheCustmer` (`customer_id`, `project_id`) VALUES ('1', '12');


INSERT INTO `sqltask`.`customersOfCompanies` (`company_id`, `customer_id`) VALUES ('4', '1');
INSERT INTO `sqltask`.`customersOfCompanies` (`company_id`, `customer_id`) VALUES ('4', '2');
INSERT INTO `sqltask`.`customersOfCompanies` (`company_id`, `customer_id`) VALUES ('4', '3');
INSERT INTO `sqltask`.`customersOfCompanies` (`company_id`, `customer_id`) VALUES ('3', '4');
INSERT INTO `sqltask`.`customersOfCompanies` (`company_id`, `customer_id`) VALUES ('3', '5');
INSERT INTO `sqltask`.`customersOfCompanies` (`company_id`, `customer_id`) VALUES ('3', '6');
INSERT INTO `sqltask`.`customersOfCompanies` (`company_id`, `customer_id`) VALUES ('2', '7');
INSERT INTO `sqltask`.`customersOfCompanies` (`company_id`, `customer_id`) VALUES ('2', '8');
INSERT INTO `sqltask`.`customersOfCompanies` (`company_id`, `customer_id`) VALUES ('2', '9');
INSERT INTO `sqltask`.`customersOfCompanies` (`company_id`, `customer_id`) VALUES ('1', '10');
INSERT INTO `sqltask`.`customersOfCompanies` (`company_id`, `customer_id`) VALUES ('1', '11');
INSERT INTO `sqltask`.`customersOfCompanies` (`company_id`, `customer_id`) VALUES ('1', '12');





